time,ax,
00:00:00,0,
00:00:30,0.5,
00:01:00,1,
00:01:30,1.5,
00:02:00,2,
00:02:30,2.5,
00:03:00,3,
00:03:30,3.5,
00:04:00,4,
00:04:30,4.5,
00:05:00,5,
00:05:30,5.5,
00:06:00,6,
00:06:30,6.5,
00:07:00,7,
00:07:30,7.5,
00:08:00,8,
00:08:30,8.5,
00:09:00,9,
00:09:30,9.5,
00:10:00,10,
00:10:30,10.5,
00:11:00,11,
00:11:30,11.5,
00:12:00,12,
00:12:30,12.5,
00:13:00,13,
00:13:30,13.5,
00:14:00,14,
00:14:30,14.5,
00:15:00,15,
00:15:30,15.5,
00:16:00,16,
00:16:30,16.5,
00:17:00,17,
00:17:30,17.5,
00:18:00,18,
00:18:30,18.5,
00:19:00,19,
00:19:30,19.5,
00:20:00,20,
00:20:30,20.5,
00:21:00,21,
00:21:30,21.5,
00:22:00,22,
00:22:30,22.5,
00:23:00,23,
00:23:30,23.5,
00:24:00,24,
00:24:30,24.5,
00:25:00,25,
00:25:30,25.5,
00:26:00,26,
00:26:30,26.5,
00:27:00,27,
00:27:30,27.5,
00:28:00,28,
00:28:30,28.5,
00:29:00,29,
00:29:30,29.5,
00:30:00,30,
00:30:30,30.5,
00:31:00,31,
00:31:30,31.5,
00:32:00,32,
00:32:30,32.5,
00:33:00,33,
00:33:30,33.5,
00:34:00,34,
00:34:30,34.5,
00:35:00,35,
00:35:30,35.5,
00:36:00,36,
00:36:30,36.5,
00:37:00,37,
00:37:30,37.5,
00:38:00,38,
00:38:30,38.5,
00:39:00,39,
00:39:30,39.5,
00:40:00,40,
00:40:30,40.5,
00:41:00,41,
00:41:30,41.5,
00:42:00,42,
00:42:30,42.5,
00:43:00,43,
00:43:30,43.5,
00:44:00,44,
00:44:30,44.5,
00:45:00,45,
00:45:30,45.5,
00:46:00,46,
00:46:30,46.5,
00:47:00,47,
00:47:30,47.5,
00:48:00,48,
00:48:30,48.5,
00:49:00,49,
00:49:30,49.5,
00:50:00,50,
00:50:30,50.5,
00:51:00,51,
00:51:30,51.5,
00:52:00,52,
00:52:30,52.5,
00:53:00,53,
00:53:30,53.5,
00:54:00,54,
00:54:30,54.5,
00:55:00,55,
00:55:30,55.5,
00:56:00,56,
00:56:30,56.5,
00:57:00,57,
00:57:30,57.5,
00:58:00,58,
00:58:30,58.5,
00:59:00,59,
00:59:30,59.5,
01:00:00,60,
01:00:30,60.5,
01:01:00,61,
01:01:30,61.5,
01:02:00,62,
01:02:30,62.5,
01:03:00,63,
01:03:30,63.5,
01:04:00,64,
01:04:30,64.5,
01:05:00,65,
01:05:30,65.5,
01:06:00,66,
01:06:30,66.5,
01:07:00,67,
01:07:30,67.5,
01:08:00,68,
01:08:30,68.5,
01:09:00,69,
01:09:30,69.5,
01:10:00,70,
01:10:30,70.5,
01:11:00,71,
01:11:30,71.5,
01:12:00,72,
01:12:30,72.5,
01:13:00,73,
01:13:30,73.5,
01:14:00,74,
01:14:30,74.5,
01:15:00,75,
01:15:30,75.5,
01:16:00,76,
01:16:30,76.5,
01:17:00,77,
01:17:30,77.5,
01:18:00,78,
01:18:30,78.5,
01:19:00,79,
01:19:30,79.5,
01:20:00,80,
01:20:30,80.5,
01:21:00,81,
01:21:30,81.5,
01:22:00,82,
01:22:30,82.5,
01:23:00,83,
01:23:30,83.5,
01:24:00,84,
01:24:30,84.5,
01:25:00,85,
01:25:30,85.5,
01:26:00,86,
01:26:30,86.5,
01:27:00,87,
01:27:30,87.5,
01:28:00,88,
01:28:30,88.5,
01:29:00,89,
01:29:30,89.5,
01:30:00,90,
01:30:30,90.5,
01:31:00,91,
01:31:30,91.5,
01:32:00,92,
01:32:30,92.5,
01:33:00,93,
01:33:30,93.5,
01:34:00,94,
01:34:30,94.5,
01:35:00,95,
01:35:30,95.5,
01:36:00,96,
01:36:30,96.5,
01:37:00,97,
01:37:30,97.5,
01:38:00,98,
01:38:30,98.5,
01:39:00,99,
01:39:30,99.5,
01:40:00,100,
01:40:30,100.5,
01:41:00,101,
01:41:30,101.5,
01:42:00,102,
01:42:30,102.5,
01:43:00,103,
01:43:30,103.5,
01:44:00,104,
01:44:30,104.5,
01:45:00,105,
01:45:30,105.5,
01:46:00,106,
01:46:30,106.5,
01:47:00,107,
01:47:30,107.5,
01:48:00,108,
01:48:30,108.5,
01:49:00,109,
01:49:30,109.5,
01:50:00,110,
01:50:30,110.5,
01:51:00,111,
01:51:30,111.5,
01:52:00,112,
01:52:30,112.5,
01:53:00,113,
01:53:30,113.5,
01:54:00,114,
01:54:30,114.5,
01:55:00,115,
01:55:30,115.5,
01:56:00,116,
01:56:30,116.5,
01:57:00,117,
01:57:30,117.5,
01:58:00,118,
01:58:30,118.5,
01:59:00,119,
01:59:30,119.5,
02:00:00,120,
02:00:30,120.5,
02:01:00,121,
02:01:30,121.5,
02:02:00,122,
02:02:30,122.5,
02:03:00,123,
02:03:30,123.5,
02:04:00,124,
02:04:30,124.5,
02:05:00,125,
02:05:30,125.5,
02:06:00,126,
02:06:30,126.5,
02:07:00,127,
02:07:30,127.5,
02:08:00,128,
02:08:30,128.5,
02:09:00,129,
02:09:30,129.5,
02:10:00,130,
02:10:30,130.5,
02:11:00,131,
02:11:30,131.5,
02:12:00,132,
02:12:30,132.5,
02:13:00,133,
02:13:30,133.5,
02:14:00,134,
02:14:30,134.5,
02:15:00,135,
02:15:30,135.5,
02:16:00,136,
02:16:30,136.5,
02:17:00,137,
02:17:30,137.5,
02:18:00,138,
02:18:30,138.5,
02:19:00,139,
02:19:30,139.5,
02:20:00,140,
02:20:30,140.5,
02:21:00,141,
02:21:30,141.5,
02:22:00,142,
02:22:30,142.5,
02:23:00,143,
02:23:30,143.5,
02:24:00,144,
02:24:30,144.5,
02:25:00,145,
02:25:30,145.5,
02:26:00,146,
02:26:30,146.5,
02:27:00,147,
02:27:30,147.5,
02:28:00,148,
02:28:30,148.5,
02:29:00,149,
02:29:30,149.5,
02:30:00,150,
02:30:30,150.5,
02:31:00,151,
02:31:30,151.5,
02:32:00,152,
02:32:30,152.5,
02:33:00,153,
02:33:30,153.5,
02:34:00,154,
02:34:30,154.5,
02:35:00,155,
02:35:30,155.5,
02:36:00,156,
02:36:30,156.5,
02:37:00,157,
02:37:30,157.5,
02:38:00,158,
02:38:30,158.5,
02:39:00,159,
02:39:30,159.5,
02:40:00,160,
02:40:30,160.5,
02:41:00,161,
02:41:30,161.5,
02:42:00,162,
02:42:30,162.5,
02:43:00,163,
02:43:30,163.5,
02:44:00,164,
02:44:30,164.5,
02:45:00,165,
02:45:30,165.5,
02:46:00,166,
02:46:30,166.5,
02:47:00,167,
02:47:30,167.5,
02:48:00,168,
02:48:30,168.5,
02:49:00,169,
02:49:30,169.5,
02:50:00,170,
02:50:30,170.5,
02:51:00,171,
02:51:30,171.5,
02:52:00,172,
02:52:30,172.5,
02:53:00,173,
02:53:30,173.5,
02:54:00,174,
02:54:30,174.5,
02:55:00,175,
02:55:30,175.5,
02:56:00,176,
02:56:30,176.5,
02:57:00,177,
02:57:30,177.5,
02:58:00,178,
02:58:30,178.5,
02:59:00,179,
02:59:30,179.5,
03:00:00,180,
03:00:30,180.5,
03:01:00,181,
03:01:30,181.5,
03:02:00,182,
03:02:30,182.5,
03:03:00,183,
03:03:30,183.5,
03:04:00,184,
03:04:30,184.5,
03:05:00,185,
03:05:30,185.5,
03:06:00,186,
03:06:30,186.5,
03:07:00,187,
03:07:30,187.5,
03:08:00,188,
03:08:30,188.5,
03:09:00,189,
03:09:30,189.5,
03:10:00,190,
03:10:30,190.5,
03:11:00,191,
03:11:30,191.5,
03:12:00,192,
03:12:30,192.5,
03:13:00,193,
03:13:30,193.5,
03:14:00,194,
03:14:30,194.5,
03:15:00,195,
03:15:30,195.5,
03:16:00,196,
03:16:30,196.5,
03:17:00,197,
03:17:30,197.5,
03:18:00,198,
03:18:30,198.5,
03:19:00,199,
03:19:30,199.5,
03:20:00,200,
03:20:30,200.5,
03:21:00,201,
03:21:30,201.5,
03:22:00,202,
03:22:30,202.5,
03:23:00,203,
03:23:30,203.5,
03:24:00,204,
03:24:30,204.5,
03:25:00,205,
03:25:30,205.5,
03:26:00,206,
03:26:30,206.5,
03:27:00,207,
03:27:30,207.5,
03:28:00,208,
03:28:30,208.5,
03:29:00,209,
03:29:30,209.5,
03:30:00,210,
03:30:30,210.5,
03:31:00,211,
03:31:30,211.5,
03:32:00,212,
03:32:30,212.5,
03:33:00,213,
03:33:30,213.5,
03:34:00,214,
03:34:30,214.5,
03:35:00,215,
03:35:30,215.5,
03:36:00,216,
03:36:30,216.5,
03:37:00,217,
03:37:30,217.5,
03:38:00,218,
03:38:30,218.5,
03:39:00,219,
03:39:30,219.5,
03:40:00,220,
03:40:30,220.5,
03:41:00,221,
03:41:30,221.5,
03:42:00,222,
03:42:30,222.5,
03:43:00,223,
03:43:30,223.5,
03:44:00,224,
03:44:30,224.5,
03:45:00,225,
03:45:30,225.5,
03:46:00,226,
03:46:30,226.5,
03:47:00,227,
03:47:30,227.5,
03:48:00,228,
03:48:30,228.5,
03:49:00,229,
03:49:30,229.5,
03:50:00,230,
03:50:30,230.5,
03:51:00,231,
03:51:30,231.5,
03:52:00,232,
03:52:30,232.5,
03:53:00,233,
03:53:30,233.5,
03:54:00,234,
03:54:30,234.5,
03:55:00,235,
03:55:30,235.5,
03:56:00,236,
03:56:30,236.5,
03:57:00,237,
03:57:30,237.5,
03:58:00,238,
03:58:30,238.5,
03:59:00,239,
03:59:30,239.5,
04:00:00,240,
04:00:30,240.5,
04:01:00,241,
04:01:30,241.5,
04:02:00,242,
04:02:30,242.5,
04:03:00,243,
04:03:30,243.5,
04:04:00,244,
04:04:30,244.5,
04:05:00,245,
04:05:30,245.5,
04:06:00,246,
04:06:30,246.5,
04:07:00,247,
04:07:30,247.5,
04:08:00,248,
04:08:30,248.5,
04:09:00,249,
04:09:30,249.5,
04:10:00,250,
04:10:30,250.5,
04:11:00,251,
04:11:30,251.5,
04:12:00,252,
04:12:30,252.5,
04:13:00,253,
04:13:30,253.5,
04:14:00,254,
04:14:30,254.5,
04:15:00,255,
04:15:30,255.5,
04:16:00,256,
04:16:30,256.5,
04:17:00,257,
04:17:30,257.5,
04:18:00,258,
04:18:30,258.5,
04:19:00,259,
04:19:30,259.5,
04:20:00,260,
04:20:30,260.5,
04:21:00,261,
04:21:30,261.5,
04:22:00,262,
04:22:30,262.5,
04:23:00,263,
04:23:30,263.5,
04:24:00,264,
04:24:30,264.5,
04:25:00,265,
04:25:30,265.5,
04:26:00,266,
04:26:30,266.5,
04:27:00,267,
04:27:30,267.5,
04:28:00,268,
04:28:30,268.5,
04:29:00,269,
04:29:30,269.5,
04:30:00,270,
04:30:30,270.5,
04:31:00,271,
04:31:30,271.5,
04:32:00,272,
04:32:30,272.5,
04:33:00,273,
04:33:30,273.5,
04:34:00,274,
04:34:30,274.5,
04:35:00,275,
04:35:30,275.5,
04:36:00,276,
04:36:30,276.5,
04:37:00,277,
04:37:30,277.5,
04:38:00,278,
04:38:30,278.5,
04:39:00,279,
04:39:30,279.5,
04:40:00,280,
04:40:30,280.5,
04:41:00,281,
04:41:30,281.5,
04:42:00,282,
04:42:30,282.5,
04:43:00,283,
04:43:30,283.5,
04:44:00,284,
04:44:30,284.5,
04:45:00,285,
04:45:30,285.5,
04:46:00,286,
04:46:30,286.5,
04:47:00,287,
04:47:30,287.5,
04:48:00,288,
04:48:30,288.5,
04:49:00,289,
04:49:30,289.5,
04:50:00,290,
04:50:30,290.5,
04:51:00,291,
04:51:30,291.5,
04:52:00,292,
04:52:30,292.5,
04:53:00,293,
04:53:30,293.5,
04:54:00,294,
04:54:30,294.5,
04:55:00,295,
04:55:30,295.5,
04:56:00,296,
04:56:30,296.5,
04:57:00,297,
04:57:30,297.5,
04:58:00,298,
04:58:30,298.5,
04:59:00,299,
04:59:30,299.5,
05:00:00,300,
05:00:30,300.5,
05:01:00,301,
05:01:30,301.5,
05:02:00,302,
05:02:30,302.5,
05:03:00,303,
05:03:30,303.5,
05:04:00,304,
05:04:30,304.5,
05:05:00,305,
05:05:30,305.5,
05:06:00,306,
05:06:30,306.5,
05:07:00,307,
05:07:30,307.5,
05:08:00,308,
05:08:30,308.5,
05:09:00,309,
05:09:30,309.5,
05:10:00,310,
05:10:30,310.5,
05:11:00,311,
05:11:30,311.5,
05:12:00,312,
05:12:30,312.5,
05:13:00,313,
05:13:30,313.5,
05:14:00,314,
05:14:30,314.5,
05:15:00,315,
05:15:30,315.5,
05:16:00,316,
05:16:30,316.5,
05:17:00,317,
05:17:30,317.5,
05:18:00,318,
05:18:30,318.5,
05:19:00,319,
05:19:30,319.5,
05:20:00,320,
05:20:30,320.5,
05:21:00,321,
05:21:30,321.5,
05:22:00,322,
05:22:30,322.5,
05:23:00,323,
05:23:30,323.5,
05:24:00,324,
05:24:30,324.5,
05:25:00,325,
05:25:30,325.5,
05:26:00,326,
05:26:30,326.5,
05:27:00,327,
05:27:30,327.5,
05:28:00,328,
05:28:30,328.5,
05:29:00,329,
05:29:30,329.5,
05:30:00,330,
05:30:30,330.5,
05:31:00,331,
05:31:30,331.5,
05:32:00,332,
05:32:30,332.5,
05:33:00,333,
05:33:30,333.5,
05:34:00,334,
05:34:30,334.5,
05:35:00,335,
05:35:30,335.5,
05:36:00,336,
05:36:30,336.5,
05:37:00,337,
05:37:30,337.5,
05:38:00,338,
05:38:30,338.5,
05:39:00,339,
05:39:30,339.5,
05:40:00,340,
05:40:30,340.5,
05:41:00,341,
05:41:30,341.5,
05:42:00,342,
05:42:30,342.5,
05:43:00,343,
05:43:30,343.5,
05:44:00,344,
05:44:30,344.5,
05:45:00,345,
05:45:30,345.5,
05:46:00,346,
05:46:30,346.5,
05:47:00,347,
05:47:30,347.5,
05:48:00,348,
05:48:30,348.5,
05:49:00,349,
05:49:30,349.5,
05:50:00,350,
05:50:30,350.5,
05:51:00,351,
05:51:30,351.5,
05:52:00,352,
05:52:30,352.5,
05:53:00,353,
05:53:30,353.5,
05:54:00,354,
05:54:30,354.5,
05:55:00,355,
05:55:30,355.5,
05:56:00,356,
05:56:30,356.5,
05:57:00,357,
05:57:30,357.5,
05:58:00,358,
05:58:30,358.5,
05:59:00,359,
05:59:30,359.5,
06:00:00,360,
06:00:30,360.5,
06:01:00,361,
06:01:30,361.5,
06:02:00,362,
06:02:30,362.5,
06:03:00,363,
06:03:30,363.5,
06:04:00,364,
06:04:30,364.5,
06:05:00,365,
06:05:30,365.5,
06:06:00,366,
06:06:30,366.5,
06:07:00,367,
06:07:30,367.5,
06:08:00,368,
06:08:30,368.5,
06:09:00,369,
06:09:30,369.5,
06:10:00,370,
06:10:30,370.5,
06:11:00,371,
06:11:30,371.5,
06:12:00,372,
06:12:30,372.5,
06:13:00,373,
06:13:30,373.5,
06:14:00,374,
06:14:30,374.5,
06:15:00,375,
06:15:30,375.5,
06:16:00,376,
06:16:30,376.5,
06:17:00,377,
06:17:30,377.5,
06:18:00,378,
06:18:30,378.5,
06:19:00,379,
06:19:30,379.5,
06:20:00,380,
06:20:30,380.5,
06:21:00,381,
06:21:30,381.5,
06:22:00,382,
06:22:30,382.5,
06:23:00,383,
06:23:30,383.5,
06:24:00,384,
06:24:30,384.5,
06:25:00,385,
06:25:30,385.5,
06:26:00,386,
06:26:30,386.5,
06:27:00,387,
06:27:30,387.5,
06:28:00,388,
06:28:30,388.5,
06:29:00,389,
06:29:30,389.5,
06:30:00,390,
06:30:30,390.5,
06:31:00,391,
06:31:30,391.5,
06:32:00,392,
06:32:30,392.5,
06:33:00,393,
06:33:30,393.5,
06:34:00,394,
06:34:30,394.5,
06:35:00,395,
06:35:30,395.5,
06:36:00,396,
06:36:30,396.5,
06:37:00,397,
06:37:30,397.5,
06:38:00,398,
06:38:30,398.5,
06:39:00,399,
06:39:30,399.5,
06:40:00,400,
06:40:30,400.5,
06:41:00,401,
06:41:30,401.5,
06:42:00,402,
06:42:30,402.5,
06:43:00,403,
06:43:30,403.5,
06:44:00,404,
06:44:30,404.5,
06:45:00,405,
06:45:30,405.5,
06:46:00,406,
06:46:30,406.5,
06:47:00,407,
06:47:30,407.5,
06:48:00,408,
06:48:30,408.5,
06:49:00,409,
06:49:30,409.5,
06:50:00,410,
06:50:30,410.5,
06:51:00,411,
06:51:30,411.5,
06:52:00,412,
06:52:30,412.5,
06:53:00,413,
06:53:30,413.5,
06:54:00,414,
06:54:30,414.5,
06:55:00,415,
06:55:30,415.5,
06:56:00,416,
06:56:30,416.5,
06:57:00,417,
06:57:30,417.5,
06:58:00,418,
06:58:30,418.5,
06:59:00,419,
06:59:30,419.5,
07:00:00,420,
07:00:30,420.5,
07:01:00,421,
07:01:30,421.5,
07:02:00,422,
07:02:30,422.5,
07:03:00,423,
07:03:30,423.5,
07:04:00,424,
07:04:30,424.5,
07:05:00,425,
07:05:30,425.5,
07:06:00,426,
07:06:30,426.5,
07:07:00,427,
07:07:30,427.5,
07:08:00,428,
07:08:30,428.5,
07:09:00,429,
07:09:30,429.5,
07:10:00,430,
07:10:30,430.5,
07:11:00,431,
07:11:30,431.5,
07:12:00,432,
07:12:30,432.5,
07:13:00,433,
07:13:30,433.5,
07:14:00,434,
07:14:30,434.5,
07:15:00,435,
07:15:30,435.5,
07:16:00,436,
07:16:30,436.5,
07:17:00,437,
07:17:30,437.5,
07:18:00,438,
07:18:30,438.5,
07:19:00,439,
07:19:30,439.5,
07:20:00,440,
07:20:30,440.5,
07:21:00,441,
07:21:30,441.5,
07:22:00,442,
07:22:30,442.5,
07:23:00,443,
07:23:30,443.5,
07:24:00,444,
07:24:30,444.5,
07:25:00,445,
07:25:30,445.5,
07:26:00,446,
07:26:30,446.5,
07:27:00,447,
07:27:30,447.5,
07:28:00,448,
07:28:30,448.5,
07:29:00,449,
07:29:30,449.5,
07:30:00,450,
07:30:30,450.5,
07:31:00,451,
07:31:30,451.5,
07:32:00,452,
07:32:30,452.5,
07:33:00,453,
07:33:30,453.5,
07:34:00,454,
07:34:30,454.5,
07:35:00,455,
07:35:30,455.5,
07:36:00,456,
07:36:30,456.5,
07:37:00,457,
07:37:30,457.5,
07:38:00,458,
07:38:30,458.5,
07:39:00,459,
07:39:30,459.5,
07:40:00,460,
07:40:30,460.5,
07:41:00,461,
07:41:30,461.5,
07:42:00,462,
07:42:30,462.5,
07:43:00,463,
07:43:30,463.5,
07:44:00,464,
07:44:30,464.5,
07:45:00,465,
07:45:30,465.5,
07:46:00,466,
07:46:30,466.5,
07:47:00,467,
07:47:30,467.5,
07:48:00,468,
07:48:30,468.5,
07:49:00,469,
07:49:30,469.5,
07:50:00,470,
07:50:30,470.5,
07:51:00,471,
07:51:30,471.5,
07:52:00,472,
07:52:30,472.5,
07:53:00,473,
07:53:30,473.5,
07:54:00,474,
07:54:30,474.5,
07:55:00,475,
07:55:30,475.5,
07:56:00,476,
07:56:30,476.5,
07:57:00,477,
07:57:30,477.5,
07:58:00,478,
07:58:30,478.5,
07:59:00,479,
07:59:30,479.5,
08:00:00,480,
08:00:30,480.5,
08:01:00,481,
08:01:30,481.5,
08:02:00,482,
08:02:30,482.5,
08:03:00,483,
08:03:30,483.5,
08:04:00,484,
08:04:30,484.5,
08:05:00,485,
08:05:30,485.5,
08:06:00,486,
08:06:30,486.5,
08:07:00,487,
08:07:30,487.5,
08:08:00,488,
08:08:30,488.5,
08:09:00,489,
08:09:30,489.5,
08:10:00,490,
08:10:30,490.5,
08:11:00,491,
08:11:30,491.5,
08:12:00,492,
08:12:30,492.5,
08:13:00,493,
08:13:30,493.5,
08:14:00,494,
08:14:30,494.5,
08:15:00,495,
08:15:30,495.5,
08:16:00,496,
08:16:30,496.5,
08:17:00,497,
08:17:30,497.5,
08:18:00,498,
08:18:30,498.5,
08:19:00,499,
08:19:30,499.5,
08:20:00,500,
08:20:30,500.5,
08:21:00,501,
08:21:30,501.5,
08:22:00,502,
08:22:30,502.5,
08:23:00,503,
08:23:30,503.5,
08:24:00,504,
08:24:30,504.5,
08:25:00,505,
08:25:30,505.5,
08:26:00,506,
08:26:30,506.5,
08:27:00,507,
08:27:30,507.5,
08:28:00,508,
08:28:30,508.5,
08:29:00,509,
08:29:30,509.5,
08:30:00,510,
08:30:30,510.5,
08:31:00,511,
08:31:30,511.5,
08:32:00,512,
08:32:30,512.5,
08:33:00,513,
08:33:30,513.5,
08:34:00,514,
08:34:30,514.5,
08:35:00,515,
08:35:30,515.5,
08:36:00,516,
08:36:30,516.5,
08:37:00,517,
08:37:30,517.5,
08:38:00,518,
08:38:30,518.5,
08:39:00,519,
08:39:30,519.5,
08:40:00,520,
08:40:30,520.5,
08:41:00,521,
08:41:30,521.5,
08:42:00,522,
08:42:30,522.5,
08:43:00,523,
08:43:30,523.5,
08:44:00,524,
08:44:30,524.5,
08:45:00,525,
08:45:30,525.5,
08:46:00,526,
08:46:30,526.5,
08:47:00,527,
08:47:30,527.5,
08:48:00,528,
08:48:30,528.5,
08:49:00,529,
08:49:30,529.5,
08:50:00,530,
08:50:30,530.5,
08:51:00,531,
08:51:30,531.5,
08:52:00,532,
08:52:30,532.5,
08:53:00,533,
08:53:30,533.5,
08:54:00,534,
08:54:30,534.5,
08:55:00,535,
08:55:30,535.5,
08:56:00,536,
08:56:30,536.5,
08:57:00,537,
08:57:30,537.5,
08:58:00,538,
08:58:30,538.5,
08:59:00,539,
08:59:30,539.5,
09:00:00,540,
09:00:30,540.5,
09:01:00,541,
09:01:30,541.5,
09:02:00,542,
09:02:30,542.5,
09:03:00,543,
09:03:30,543.5,
09:04:00,544,
09:04:30,544.5,
09:05:00,545,
09:05:30,545.5,
09:06:00,546,
09:06:30,546.5,
09:07:00,547,
09:07:30,547.5,
09:08:00,548,
09:08:30,548.5,
09:09:00,549,
09:09:30,549.5,
09:10:00,550,
09:10:30,550.5,
09:11:00,551,
09:11:30,551.5,
09:12:00,552,
09:12:30,552.5,
09:13:00,553,
09:13:30,553.5,
09:14:00,554,
09:14:30,554.5,
09:15:00,555,
09:15:30,555.5,
09:16:00,556,
09:16:30,556.5,
09:17:00,557,
09:17:30,557.5,
09:18:00,558,
09:18:30,558.5,
09:19:00,559,
09:19:30,559.5,
09:20:00,560,
09:20:30,560.5,
09:21:00,561,
09:21:30,561.5,
09:22:00,562,
09:22:30,562.5,
09:23:00,563,
09:23:30,563.5,
09:24:00,564,
09:24:30,564.5,
09:25:00,565,
09:25:30,565.5,
09:26:00,566,
09:26:30,566.5,
09:27:00,567,
09:27:30,567.5,
09:28:00,568,
09:28:30,568.5,
09:29:00,569,
09:29:30,569.5,
09:30:00,570,
09:30:30,570.5,
09:31:00,571,
09:31:30,571.5,
09:32:00,572,
09:32:30,572.5,
09:33:00,573,
09:33:30,573.5,
09:34:00,574,
09:34:30,574.5,
09:35:00,575,
09:35:30,575.5,
09:36:00,576,
09:36:30,576.5,
09:37:00,577,
09:37:30,577.5,
09:38:00,578,
09:38:30,578.5,
09:39:00,579,
09:39:30,579.5,
09:40:00,580,
09:40:30,580.5,
09:41:00,581,
09:41:30,581.5,
09:42:00,582,
09:42:30,582.5,
09:43:00,583,
09:43:30,583.5,
09:44:00,584,
09:44:30,584.5,
09:45:00,585,
09:45:30,585.5,
09:46:00,586,
09:46:30,586.5,
09:47:00,587,
09:47:30,587.5,
09:48:00,588,
09:48:30,588.5,
09:49:00,589,
09:49:30,589.5,
09:50:00,590,
09:50:30,590.5,
09:51:00,591,
09:51:30,591.5,
09:52:00,592,
09:52:30,592.5,
09:53:00,593,
09:53:30,593.5,
09:54:00,594,
09:54:30,594.5,
09:55:00,595,
09:55:30,595.5,
09:56:00,596,
09:56:30,596.5,
09:57:00,597,
09:57:30,597.5,
09:58:00,598,
09:58:30,598.5,
09:59:00,599,
09:59:30,599.5,
10:00:00,600,
10:00:30,600.5,
10:01:00,601,
10:01:30,601.5,
10:02:00,602,
10:02:30,602.5,
10:03:00,603,
10:03:30,603.5,
10:04:00,604,
10:04:30,604.5,
10:05:00,605,
10:05:30,605.5,
10:06:00,606,
10:06:30,606.5,
10:07:00,607,
10:07:30,607.5,
10:08:00,608,
10:08:30,608.5,
10:09:00,609,
10:09:30,609.5,
10:10:00,610,
10:10:30,610.5,
10:11:00,611,
10:11:30,611.5,
10:12:00,612,
10:12:30,612.5,
10:13:00,613,
10:13:30,613.5,
10:14:00,614,
10:14:30,614.5,
10:15:00,615,
10:15:30,615.5,
10:16:00,616,
10:16:30,616.5,
10:17:00,617,
10:17:30,617.5,
10:18:00,618,
10:18:30,618.5,
10:19:00,619,
10:19:30,619.5,
10:20:00,620,
10:20:30,620.5,
10:21:00,621,
10:21:30,621.5,
10:22:00,622,
10:22:30,622.5,
10:23:00,623,
10:23:30,623.5,
10:24:00,624,
10:24:30,624.5,
10:25:00,625,
10:25:30,625.5,
10:26:00,626,
10:26:30,626.5,
10:27:00,627,
10:27:30,627.5,
10:28:00,628,
10:28:30,628.5,
10:29:00,629,
10:29:30,629.5,
10:30:00,630,
10:30:30,630.5,
10:31:00,631,
10:31:30,631.5,
10:32:00,632,
10:32:30,632.5,
10:33:00,633,
10:33:30,633.5,
10:34:00,634,
10:34:30,634.5,
10:35:00,635,
10:35:30,635.5,
10:36:00,636,
10:36:30,636.5,
10:37:00,637,
10:37:30,637.5,
10:38:00,638,
10:38:30,638.5,
10:39:00,639,
10:39:30,639.5,
10:40:00,640,
10:40:30,640.5,
10:41:00,641,
10:41:30,641.5,
10:42:00,642,
10:42:30,642.5,
10:43:00,643,
10:43:30,643.5,
10:44:00,644,
10:44:30,644.5,
10:45:00,645,
10:45:30,645.5,
10:46:00,646,
10:46:30,646.5,
10:47:00,647,
10:47:30,647.5,
10:48:00,648,
10:48:30,648.5,
10:49:00,649,
10:49:30,649.5,
10:50:00,650,
10:50:30,650.5,
10:51:00,651,
10:51:30,651.5,
10:52:00,652,
10:52:30,652.5,
10:53:00,653,
10:53:30,653.5,
10:54:00,654,
10:54:30,654.5,
10:55:00,655,
10:55:30,655.5,
10:56:00,656,
10:56:30,656.5,
10:57:00,657,
10:57:30,657.5,
10:58:00,658,
10:58:30,658.5,
10:59:00,659,
10:59:30,659.5,
11:00:00,660,
11:00:30,660.5,
11:01:00,661,
11:01:30,661.5,
11:02:00,662,
11:02:30,662.5,
11:03:00,663,
11:03:30,663.5,
11:04:00,664,
11:04:30,664.5,
11:05:00,665,
11:05:30,665.5,
11:06:00,666,
11:06:30,666.5,
11:07:00,667,
11:07:30,667.5,
11:08:00,668,
11:08:30,668.5,
11:09:00,669,
11:09:30,669.5,
11:10:00,670,
11:10:30,670.5,
11:11:00,671,
11:11:30,671.5,
11:12:00,672,
11:12:30,672.5,
11:13:00,673,
11:13:30,673.5,
11:14:00,674,
11:14:30,674.5,
11:15:00,675,
11:15:30,675.5,
11:16:00,676,
11:16:30,676.5,
11:17:00,677,
11:17:30,677.5,
11:18:00,678,
11:18:30,678.5,
11:19:00,679,
11:19:30,679.5,
11:20:00,680,
11:20:30,680.5,
11:21:00,681,
11:21:30,681.5,
11:22:00,682,
11:22:30,682.5,
11:23:00,683,
11:23:30,683.5,
11:24:00,684,
11:24:30,684.5,
11:25:00,685,
11:25:30,685.5,
11:26:00,686,
11:26:30,686.5,
11:27:00,687,
11:27:30,687.5,
11:28:00,688,
11:28:30,688.5,
11:29:00,689,
11:29:30,689.5,
11:30:00,690,
11:30:30,690.5,
11:31:00,691,
11:31:30,691.5,
11:32:00,692,
11:32:30,692.5,
11:33:00,693,
11:33:30,693.5,
11:34:00,694,
11:34:30,694.5,
11:35:00,695,
11:35:30,695.5,
11:36:00,696,
11:36:30,696.5,
11:37:00,697,
11:37:30,697.5,
11:38:00,698,
11:38:30,698.5,
11:39:00,699,
11:39:30,699.5,
11:40:00,700,
11:40:30,700.5,
11:41:00,701,
11:41:30,701.5,
11:42:00,702,
11:42:30,702.5,
11:43:00,703,
11:43:30,703.5,
11:44:00,704,
11:44:30,704.5,
11:45:00,705,
11:45:30,705.5,
11:46:00,706,
11:46:30,706.5,
11:47:00,707,
11:47:30,707.5,
11:48:00,708,
11:48:30,708.5,
11:49:00,709,
11:49:30,709.5,
11:50:00,710,
11:50:30,710.5,
11:51:00,711,
11:51:30,711.5,
11:52:00,712,
11:52:30,712.5,
11:53:00,713,
11:53:30,713.5,
11:54:00,714,
11:54:30,714.5,
11:55:00,715,
11:55:30,715.5,
11:56:00,716,
11:56:30,716.5,
11:57:00,717,
11:57:30,717.5,
11:58:00,718,
11:58:30,718.5,
11:59:00,719,
11:59:30,719.5,
12:00:00,720,
12:00:30,720.5,
12:01:00,721,
12:01:30,721.5,
12:02:00,722,
12:02:30,722.5,
12:03:00,723,
12:03:30,723.5,
12:04:00,724,
12:04:30,724.5,
12:05:00,725,
12:05:30,725.5,
12:06:00,726,
12:06:30,726.5,
12:07:00,727,
12:07:30,727.5,
12:08:00,728,
12:08:30,728.5,
12:09:00,729,
12:09:30,729.5,
12:10:00,730,
12:10:30,730.5,
12:11:00,731,
12:11:30,731.5,
12:12:00,732,
12:12:30,732.5,
12:13:00,733,
12:13:30,733.5,
12:14:00,734,
12:14:30,734.5,
12:15:00,735,
12:15:30,735.5,
12:16:00,736,
12:16:30,736.5,
12:17:00,737,
12:17:30,737.5,
12:18:00,738,
12:18:30,738.5,
12:19:00,739,
12:19:30,739.5,
12:20:00,740,
12:20:30,740.5,
12:21:00,741,
12:21:30,741.5,
12:22:00,742,
12:22:30,742.5,
12:23:00,743,
12:23:30,743.5,
12:24:00,744,
12:24:30,744.5,
12:25:00,745,
12:25:30,745.5,
12:26:00,746,
12:26:30,746.5,
12:27:00,747,
12:27:30,747.5,
12:28:00,748,
12:28:30,748.5,
12:29:00,749,
12:29:30,749.5,
12:30:00,750,
12:30:30,750.5,
12:31:00,751,
12:31:30,751.5,
12:32:00,752,
12:32:30,752.5,
12:33:00,753,
12:33:30,753.5,
12:34:00,754,
12:34:30,754.5,
12:35:00,755,
12:35:30,755.5,
12:36:00,756,
12:36:30,756.5,
12:37:00,757,
12:37:30,757.5,
12:38:00,758,
12:38:30,758.5,
12:39:00,759,
12:39:30,759.5,
12:40:00,760,
12:40:30,760.5,
12:41:00,761,
12:41:30,761.5,
12:42:00,762,
12:42:30,762.5,
12:43:00,763,
12:43:30,763.5,
12:44:00,764,
12:44:30,764.5,
12:45:00,765,
12:45:30,765.5,
12:46:00,766,
12:46:30,766.5,
12:47:00,767,
12:47:30,767.5,
12:48:00,768,
12:48:30,768.5,
12:49:00,769,
12:49:30,769.5,
12:50:00,770,
12:50:30,770.5,
12:51:00,771,
12:51:30,771.5,
12:52:00,772,
12:52:30,772.5,
12:53:00,773,
12:53:30,773.5,
12:54:00,774,
12:54:30,774.5,
12:55:00,775,
12:55:30,775.5,
12:56:00,776,
12:56:30,776.5,
12:57:00,777,
12:57:30,777.5,
12:58:00,778,
12:58:30,778.5,
12:59:00,779,
12:59:30,779.5,
13:00:00,780,
13:00:30,780.5,
13:01:00,781,
13:01:30,781.5,
13:02:00,782,
13:02:30,782.5,
13:03:00,783,
13:03:30,783.5,
13:04:00,784,
13:04:30,784.5,
13:05:00,785,
13:05:30,785.5,
13:06:00,786,
13:06:30,786.5,
13:07:00,787,
13:07:30,787.5,
13:08:00,788,
13:08:30,788.5,
13:09:00,789,
13:09:30,789.5,
13:10:00,790,
13:10:30,790.5,
13:11:00,791,
13:11:30,791.5,
13:12:00,792,
13:12:30,792.5,
13:13:00,793,
13:13:30,793.5,
13:14:00,794,
13:14:30,794.5,
13:15:00,795,
13:15:30,795.5,
13:16:00,796,
13:16:30,796.5,
13:17:00,797,
13:17:30,797.5,
13:18:00,798,
13:18:30,798.5,
13:19:00,799,
13:19:30,799.5,
13:20:00,800,
13:20:30,800.5,
13:21:00,801,
13:21:30,801.5,
13:22:00,802,
13:22:30,802.5,
13:23:00,803,
13:23:30,803.5,
13:24:00,804,
13:24:30,804.5,
13:25:00,805,
13:25:30,805.5,
13:26:00,806,
13:26:30,806.5,
13:27:00,807,
13:27:30,807.5,
13:28:00,808,
13:28:30,808.5,
13:29:00,809,
13:29:30,809.5,
13:30:00,810,
13:30:30,810.5,
13:31:00,811,
13:31:30,811.5,
13:32:00,812,
13:32:30,812.5,
13:33:00,813,
13:33:30,813.5,
13:34:00,814,
13:34:30,814.5,
13:35:00,815,
13:35:30,815.5,
13:36:00,816,
13:36:30,816.5,
13:37:00,817,
13:37:30,817.5,
13:38:00,818,
13:38:30,818.5,
13:39:00,819,
13:39:30,819.5,
13:40:00,820,
13:40:30,820.5,
13:41:00,821,
13:41:30,821.5,
13:42:00,822,
13:42:30,822.5,
13:43:00,823,
13:43:30,823.5,
13:44:00,824,
13:44:30,824.5,
13:45:00,825,
13:45:30,825.5,
13:46:00,826,
13:46:30,826.5,
13:47:00,827,
13:47:30,827.5,
13:48:00,828,
13:48:30,828.5,
13:49:00,829,
13:49:30,829.5,
13:50:00,830,
13:50:30,830.5,
13:51:00,831,
13:51:30,831.5,
13:52:00,832,
13:52:30,832.5,
13:53:00,833,
13:53:30,833.5,
13:54:00,834,
13:54:30,834.5,
13:55:00,835,
13:55:30,835.5,
13:56:00,836,
13:56:30,836.5,
13:57:00,837,
13:57:30,837.5,
13:58:00,838,
13:58:30,838.5,
13:59:00,839,
13:59:30,839.5,
14:00:00,840,
14:00:30,840.5,
14:01:00,841,
14:01:30,841.5,
14:02:00,842,
14:02:30,842.5,
14:03:00,843,
14:03:30,843.5,
14:04:00,844,
14:04:30,844.5,
14:05:00,845,
14:05:30,845.5,
14:06:00,846,
14:06:30,846.5,
14:07:00,847,
14:07:30,847.5,
14:08:00,848,
14:08:30,848.5,
14:09:00,849,
14:09:30,849.5,
14:10:00,850,
14:10:30,850.5,
14:11:00,851,
14:11:30,851.5,
14:12:00,852,
14:12:30,852.5,
14:13:00,853,
14:13:30,853.5,
14:14:00,854,
14:14:30,854.5,
14:15:00,855,
14:15:30,855.5,
14:16:00,856,
14:16:30,856.5,
14:17:00,857,
14:17:30,857.5,
14:18:00,858,
14:18:30,858.5,
14:19:00,859,
14:19:30,859.5,
14:20:00,860,
14:20:30,860.5,
14:21:00,861,
14:21:30,861.5,
14:22:00,862,
14:22:30,862.5,
14:23:00,863,
14:23:30,863.5,
14:24:00,864,
14:24:30,864.5,
14:25:00,865,
14:25:30,865.5,
14:26:00,866,
14:26:30,866.5,
14:27:00,867,
14:27:30,867.5,
14:28:00,868,
14:28:30,868.5,
14:29:00,869,
14:29:30,869.5,
14:30:00,870,
14:30:30,870.5,
14:31:00,871,
14:31:30,871.5,
14:32:00,872,
14:32:30,872.5,
14:33:00,873,
14:33:30,873.5,
14:34:00,874,
14:34:30,874.5,
14:35:00,875,
14:35:30,875.5,
14:36:00,876,
14:36:30,876.5,
14:37:00,877,
14:37:30,877.5,
14:38:00,878,
14:38:30,878.5,
14:39:00,879,
14:39:30,879.5,
14:40:00,880,
14:40:30,880.5,
14:41:00,881,
14:41:30,881.5,
14:42:00,882,
14:42:30,882.5,
14:43:00,883,
14:43:30,883.5,
14:44:00,884,
14:44:30,884.5,
14:45:00,885,
14:45:30,885.5,
14:46:00,886,
14:46:30,886.5,
14:47:00,887,
14:47:30,887.5,
14:48:00,888,
14:48:30,888.5,
14:49:00,889,
14:49:30,889.5,
14:50:00,890,
14:50:30,890.5,
14:51:00,891,
14:51:30,891.5,
14:52:00,892,
14:52:30,892.5,
14:53:00,893,
14:53:30,893.5,
14:54:00,894,
14:54:30,894.5,
14:55:00,895,
14:55:30,895.5,
14:56:00,896,
14:56:30,896.5,
14:57:00,897,
14:57:30,897.5,
14:58:00,898,
14:58:30,898.5,
14:59:00,899,
14:59:30,899.5,
15:00:00,900,
15:00:30,900.5,
15:01:00,901,
15:01:30,901.5,
15:02:00,902,
15:02:30,902.5,
15:03:00,903,
15:03:30,903.5,
15:04:00,904,
15:04:30,904.5,
15:05:00,905,
15:05:30,905.5,
15:06:00,906,
15:06:30,906.5,
15:07:00,907,
15:07:30,907.5,
15:08:00,908,
15:08:30,908.5,
15:09:00,909,
15:09:30,909.5,
15:10:00,910,
15:10:30,910.5,
15:11:00,911,
15:11:30,911.5,
15:12:00,912,
15:12:30,912.5,
15:13:00,913,
15:13:30,913.5,
15:14:00,914,
15:14:30,914.5,
15:15:00,915,
15:15:30,915.5,
15:16:00,916,
15:16:30,916.5,
15:17:00,917,
15:17:30,917.5,
15:18:00,918,
15:18:30,918.5,
15:19:00,919,
15:19:30,919.5,
15:20:00,920,
15:20:30,920.5,
15:21:00,921,
15:21:30,921.5,
15:22:00,922,
15:22:30,922.5,
15:23:00,923,
15:23:30,923.5,
15:24:00,924,
15:24:30,924.5,
15:25:00,925,
15:25:30,925.5,
15:26:00,926,
15:26:30,926.5,
15:27:00,927,
15:27:30,927.5,
15:28:00,928,
15:28:30,928.5,
15:29:00,929,
15:29:30,929.5,
15:30:00,930,
15:30:30,930.5,
15:31:00,931,
15:31:30,931.5,
15:32:00,932,
15:32:30,932.5,
15:33:00,933,
15:33:30,933.5,
15:34:00,934,
15:34:30,934.5,
15:35:00,935,
15:35:30,935.5,
15:36:00,936,
15:36:30,936.5,
15:37:00,937,
15:37:30,937.5,
15:38:00,938,
15:38:30,938.5,
15:39:00,939,
15:39:30,939.5,
15:40:00,940,
15:40:30,940.5,
15:41:00,941,
15:41:30,941.5,
15:42:00,942,
15:42:30,942.5,
15:43:00,943,
15:43:30,943.5,
15:44:00,944,
15:44:30,944.5,
15:45:00,945,
15:45:30,945.5,
15:46:00,946,
15:46:30,946.5,
15:47:00,947,
15:47:30,947.5,
15:48:00,948,
15:48:30,948.5,
15:49:00,949,
15:49:30,949.5,
15:50:00,950,
15:50:30,950.5,
15:51:00,951,
15:51:30,951.5,
15:52:00,952,
15:52:30,952.5,
15:53:00,953,
15:53:30,953.5,
15:54:00,954,
15:54:30,954.5,
15:55:00,955,
15:55:30,955.5,
15:56:00,956,
15:56:30,956.5,
15:57:00,957,
15:57:30,957.5,
15:58:00,958,
15:58:30,958.5,
15:59:00,959,
15:59:30,959.5,
16:00:00,960,
16:00:30,960.5,
16:01:00,961,
16:01:30,961.5,
16:02:00,962,
16:02:30,962.5,
16:03:00,963,
16:03:30,963.5,
16:04:00,964,
16:04:30,964.5,
16:05:00,965,
16:05:30,965.5,
16:06:00,966,
16:06:30,966.5,
16:07:00,967,
16:07:30,967.5,
16:08:00,968,
16:08:30,968.5,
16:09:00,969,
16:09:30,969.5,
16:10:00,970,
16:10:30,970.5,
16:11:00,971,
16:11:30,971.5,
16:12:00,972,
16:12:30,972.5,
16:13:00,973,
16:13:30,973.5,
16:14:00,974,
16:14:30,974.5,
16:15:00,975,
16:15:30,975.5,
16:16:00,976,
16:16:30,976.5,
16:17:00,977,
16:17:30,977.5,
16:18:00,978,
16:18:30,978.5,
16:19:00,979,
16:19:30,979.5,
16:20:00,980,
16:20:30,980.5,
16:21:00,981,
16:21:30,981.5,
16:22:00,982,
16:22:30,982.5,
16:23:00,983,
16:23:30,983.5,
16:24:00,984,
16:24:30,984.5,
16:25:00,985,
16:25:30,985.5,
16:26:00,986,
16:26:30,986.5,
16:27:00,987,
16:27:30,987.5,
16:28:00,988,
16:28:30,988.5,
16:29:00,989,
16:29:30,989.5,
16:30:00,990,
16:30:30,990.5,
16:31:00,991,
16:31:30,991.5,
16:32:00,992,
16:32:30,992.5,
16:33:00,993,
16:33:30,993.5,
16:34:00,994,
16:34:30,994.5,
16:35:00,995,
16:35:30,995.5,
16:36:00,996,
16:36:30,996.5,
16:37:00,997,
16:37:30,997.5,
16:38:00,998,
16:38:30,998.5,
16:39:00,999,
16:39:30,999.5,
16:40:00,1000,
16:40:30,1000.5,
16:41:00,1001,
16:41:30,1001.5,
16:42:00,1002,
16:42:30,1002.5,
16:43:00,1003,
16:43:30,1003.5,
16:44:00,1004,
16:44:30,1004.5,
16:45:00,1005,
16:45:30,1005.5,
16:46:00,1006,
16:46:30,1006.5,
16:47:00,1007,
16:47:30,1007.5,
16:48:00,1008,
16:48:30,1008.5,
16:49:00,1009,
16:49:30,1009.5,
16:50:00,1010,
16:50:30,1010.5,
16:51:00,1011,
16:51:30,1011.5,
16:52:00,1012,
16:52:30,1012.5,
16:53:00,1013,
16:53:30,1013.5,
16:54:00,1014,
16:54:30,1014.5,
16:55:00,1015,
16:55:30,1015.5,
16:56:00,1016,
16:56:30,1016.5,
16:57:00,1017,
16:57:30,1017.5,
16:58:00,1018,
16:58:30,1018.5,
16:59:00,1019,
16:59:30,1019.5,
17:00:00,1020,
17:00:30,1020.5,
17:01:00,1021,
17:01:30,1021.5,
17:02:00,1022,
17:02:30,1022.5,
17:03:00,1023,
17:03:30,1023.5,
17:04:00,1024,
17:04:30,1024.5,
17:05:00,1025,
17:05:30,1025.5,
17:06:00,1026,
17:06:30,1026.5,
17:07:00,1027,
17:07:30,1027.5,
17:08:00,1028,
17:08:30,1028.5,
17:09:00,1029,
17:09:30,1029.5,
17:10:00,1030,
17:10:30,1030.5,
17:11:00,1031,
17:11:30,1031.5,
17:12:00,1032,
17:12:30,1032.5,
17:13:00,1033,
17:13:30,1033.5,
17:14:00,1034,
17:14:30,1034.5,
17:15:00,1035,
17:15:30,1035.5,
17:16:00,1036,
17:16:30,1036.5,
17:17:00,1037,
17:17:30,1037.5,
17:18:00,1038,
17:18:30,1038.5,
17:19:00,1039,
17:19:30,1039.5,
17:20:00,1040,
17:20:30,1040.5,
17:21:00,1041,
17:21:30,1041.5,
17:22:00,1042,
17:22:30,1042.5,
17:23:00,1043,
17:23:30,1043.5,
17:24:00,1044,
17:24:30,1044.5,
17:25:00,1045,
17:25:30,1045.5,
17:26:00,1046,
17:26:30,1046.5,
17:27:00,1047,
17:27:30,1047.5,
17:28:00,1048,
17:28:30,1048.5,
17:29:00,1049,
17:29:30,1049.5,
17:30:00,1050,
17:30:30,1050.5,
17:31:00,1051,
17:31:30,1051.5,
17:32:00,1052,
17:32:30,1052.5,
17:33:00,1053,
17:33:30,1053.5,
17:34:00,1054,
17:34:30,1054.5,
17:35:00,1055,
17:35:30,1055.5,
17:36:00,1056,
17:36:30,1056.5,
17:37:00,1057,
17:37:30,1057.5,
17:38:00,1058,
17:38:30,1058.5,
17:39:00,1059,
17:39:30,1059.5,
17:40:00,1060,
17:40:30,1060.5,
17:41:00,1061,
17:41:30,1061.5,
17:42:00,1062,
17:42:30,1062.5,
17:43:00,1063,
17:43:30,1063.5,
17:44:00,1064,
17:44:30,1064.5,
17:45:00,1065,
17:45:30,1065.5,
17:46:00,1066,
17:46:30,1066.5,
17:47:00,1067,
17:47:30,1067.5,
17:48:00,1068,
17:48:30,1068.5,
17:49:00,1069,
17:49:30,1069.5,
17:50:00,1070,
17:50:30,1070.5,
17:51:00,1071,
17:51:30,1071.5,
17:52:00,1072,
17:52:30,1072.5,
17:53:00,1073,
17:53:30,1073.5,
17:54:00,1074,
17:54:30,1074.5,
17:55:00,1075,
17:55:30,1075.5,
17:56:00,1076,
17:56:30,1076.5,
17:57:00,1077,
17:57:30,1077.5,
17:58:00,1078,
17:58:30,1078.5,
17:59:00,1079,
17:59:30,1079.5,
18:00:00,1080,
18:00:30,1080.5,
18:01:00,1081,
18:01:30,1081.5,
18:02:00,1082,
18:02:30,1082.5,
18:03:00,1083,
18:03:30,1083.5,
18:04:00,1084,
18:04:30,1084.5,
18:05:00,1085,
18:05:30,1085.5,
18:06:00,1086,
18:06:30,1086.5,
18:07:00,1087,
18:07:30,1087.5,
18:08:00,1088,
18:08:30,1088.5,
18:09:00,1089,
18:09:30,1089.5,
18:10:00,1090,
18:10:30,1090.5,
18:11:00,1091,
18:11:30,1091.5,
18:12:00,1092,
18:12:30,1092.5,
18:13:00,1093,
18:13:30,1093.5,
18:14:00,1094,
18:14:30,1094.5,
18:15:00,1095,
18:15:30,1095.5,
18:16:00,1096,
18:16:30,1096.5,
18:17:00,1097,
18:17:30,1097.5,
18:18:00,1098,
18:18:30,1098.5,
18:19:00,1099,
18:19:30,1099.5,
18:20:00,1100,
18:20:30,1100.5,
18:21:00,1101,
18:21:30,1101.5,
18:22:00,1102,
18:22:30,1102.5,
18:23:00,1103,
18:23:30,1103.5,
18:24:00,1104,
18:24:30,1104.5,
18:25:00,1105,
18:25:30,1105.5,
18:26:00,1106,
18:26:30,1106.5,
18:27:00,1107,
18:27:30,1107.5,
18:28:00,1108,
18:28:30,1108.5,
18:29:00,1109,
18:29:30,1109.5,
18:30:00,1110,
18:30:30,1110.5,
18:31:00,1111,
18:31:30,1111.5,
18:32:00,1112,
18:32:30,1112.5,
18:33:00,1113,
18:33:30,1113.5,
18:34:00,1114,
18:34:30,1114.5,
18:35:00,1115,
18:35:30,1115.5,
18:36:00,1116,
18:36:30,1116.5,
18:37:00,1117,
18:37:30,1117.5,
18:38:00,1118,
18:38:30,1118.5,
18:39:00,1119,
18:39:30,1119.5,
18:40:00,1120,
18:40:30,1120.5,
18:41:00,1121,
18:41:30,1121.5,
18:42:00,1122,
18:42:30,1122.5,
18:43:00,1123,
18:43:30,1123.5,
18:44:00,1124,
18:44:30,1124.5,
18:45:00,1125,
18:45:30,1125.5,
18:46:00,1126,
18:46:30,1126.5,
18:47:00,1127,
18:47:30,1127.5,
18:48:00,1128,
18:48:30,1128.5,
18:49:00,1129,
18:49:30,1129.5,
18:50:00,1130,
18:50:30,1130.5,
18:51:00,1131,
18:51:30,1131.5,
18:52:00,1132,
18:52:30,1132.5,
18:53:00,1133,
18:53:30,1133.5,
18:54:00,1134,
18:54:30,1134.5,
18:55:00,1135,
18:55:30,1135.5,
18:56:00,1136,
18:56:30,1136.5,
18:57:00,1137,
18:57:30,1137.5,
18:58:00,1138,
18:58:30,1138.5,
18:59:00,1139,
18:59:30,1139.5,
19:00:00,1140,
19:00:30,1140.5,
19:01:00,1141,
19:01:30,1141.5,
19:02:00,1142,
19:02:30,1142.5,
19:03:00,1143,
19:03:30,1143.5,
19:04:00,1144,
19:04:30,1144.5,
19:05:00,1145,
19:05:30,1145.5,
19:06:00,1146,
19:06:30,1146.5,
19:07:00,1147,
19:07:30,1147.5,
19:08:00,1148,
19:08:30,1148.5,
19:09:00,1149,
19:09:30,1149.5,
19:10:00,1150,
19:10:30,1150.5,
19:11:00,1151,
19:11:30,1151.5,
19:12:00,1152,
19:12:30,1152.5,
19:13:00,1153,
19:13:30,1153.5,
19:14:00,1154,
19:14:30,1154.5,
19:15:00,1155,
19:15:30,1155.5,
19:16:00,1156,
19:16:30,1156.5,
19:17:00,1157,
19:17:30,1157.5,
19:18:00,1158,
19:18:30,1158.5,
19:19:00,1159,
19:19:30,1159.5,
19:20:00,1160,
19:20:30,1160.5,
19:21:00,1161,
19:21:30,1161.5,
19:22:00,1162,
19:22:30,1162.5,
19:23:00,1163,
19:23:30,1163.5,
19:24:00,1164,
19:24:30,1164.5,
19:25:00,1165,
19:25:30,1165.5,
19:26:00,1166,
19:26:30,1166.5,
19:27:00,1167,
19:27:30,1167.5,
19:28:00,1168,
19:28:30,1168.5,
19:29:00,1169,
19:29:30,1169.5,
19:30:00,1170,
19:30:30,1170.5,
19:31:00,1171,
19:31:30,1171.5,
19:32:00,1172,
19:32:30,1172.5,
19:33:00,1173,
19:33:30,1173.5,
19:34:00,1174,
19:34:30,1174.5,
19:35:00,1175,
19:35:30,1175.5,
19:36:00,1176,
19:36:30,1176.5,
19:37:00,1177,
19:37:30,1177.5,
19:38:00,1178,
19:38:30,1178.5,
19:39:00,1179,
19:39:30,1179.5,
19:40:00,1180,
19:40:30,1180.5,
19:41:00,1181,
19:41:30,1181.5,
19:42:00,1182,
19:42:30,1182.5,
19:43:00,1183,
19:43:30,1183.5,
19:44:00,1184,
19:44:30,1184.5,
19:45:00,1185,
19:45:30,1185.5,
19:46:00,1186,
19:46:30,1186.5,
19:47:00,1187,
19:47:30,1187.5,
19:48:00,1188,
19:48:30,1188.5,
19:49:00,1189,
19:49:30,1189.5,
19:50:00,1190,
19:50:30,1190.5,
19:51:00,1191,
19:51:30,1191.5,
19:52:00,1192,
19:52:30,1192.5,
19:53:00,1193,
19:53:30,1193.5,
19:54:00,1194,
19:54:30,1194.5,
19:55:00,1195,
19:55:30,1195.5,
19:56:00,1196,
19:56:30,1196.5,
19:57:00,1197,
19:57:30,1197.5,
19:58:00,1198,
19:58:30,1198.5,
19:59:00,1199,
19:59:30,1199.5,
20:00:00,1200,
20:00:30,1200.5,
20:01:00,1201,
20:01:30,1201.5,
20:02:00,1202,
20:02:30,1202.5,
20:03:00,1203,
20:03:30,1203.5,
20:04:00,1204,
20:04:30,1204.5,
20:05:00,1205,
20:05:30,1205.5,
20:06:00,1206,
20:06:30,1206.5,
20:07:00,1207,
20:07:30,1207.5,
20:08:00,1208,
20:08:30,1208.5,
20:09:00,1209,
20:09:30,1209.5,
20:10:00,1210,
20:10:30,1210.5,
20:11:00,1211,
20:11:30,1211.5,
20:12:00,1212,
20:12:30,1212.5,
20:13:00,1213,
20:13:30,1213.5,
20:14:00,1214,
20:14:30,1214.5,
20:15:00,1215,
20:15:30,1215.5,
20:16:00,1216,
20:16:30,1216.5,
20:17:00,1217,
20:17:30,1217.5,
20:18:00,1218,
20:18:30,1218.5,
20:19:00,1219,
20:19:30,1219.5,
20:20:00,1220,
20:20:30,1220.5,
20:21:00,1221,
20:21:30,1221.5,
20:22:00,1222,
20:22:30,1222.5,
20:23:00,1223,
20:23:30,1223.5,
20:24:00,1224,
20:24:30,1224.5,
20:25:00,1225,
20:25:30,1225.5,
20:26:00,1226,
20:26:30,1226.5,
20:27:00,1227,
20:27:30,1227.5,
20:28:00,1228,
20:28:30,1228.5,
20:29:00,1229,
20:29:30,1229.5,
20:30:00,1230,
20:30:30,1230.5,
20:31:00,1231,
20:31:30,1231.5,
20:32:00,1232,
20:32:30,1232.5,
20:33:00,1233,
20:33:30,1233.5,
20:34:00,1234,
20:34:30,1234.5,
20:35:00,1235,
20:35:30,1235.5,
20:36:00,1236,
20:36:30,1236.5,
20:37:00,1237,
20:37:30,1237.5,
20:38:00,1238,
20:38:30,1238.5,
20:39:00,1239,
20:39:30,1239.5,
20:40:00,1240,
20:40:30,1240.5,
20:41:00,1241,
20:41:30,1241.5,
20:42:00,1242,
20:42:30,1242.5,
20:43:00,1243,
20:43:30,1243.5,
20:44:00,1244,
20:44:30,1244.5,
20:45:00,1245,
20:45:30,1245.5,
20:46:00,1246,
20:46:30,1246.5,
20:47:00,1247,
20:47:30,1247.5,
20:48:00,1248,
20:48:30,1248.5,
20:49:00,1249,
20:49:30,1249.5,
20:50:00,1250,
20:50:30,1250.5,
20:51:00,1251,
20:51:30,1251.5,
20:52:00,1252,
20:52:30,1252.5,
20:53:00,1253,
20:53:30,1253.5,
20:54:00,1254,
20:54:30,1254.5,
20:55:00,1255,
20:55:30,1255.5,
20:56:00,1256,
20:56:30,1256.5,
20:57:00,1257,
20:57:30,1257.5,
20:58:00,1258,
20:58:30,1258.5,
20:59:00,1259,
20:59:30,1259.5,
21:00:00,1260,
21:00:30,1260.5,
21:01:00,1261,
21:01:30,1261.5,
21:02:00,1262,
21:02:30,1262.5,
21:03:00,1263,
21:03:30,1263.5,
21:04:00,1264,
21:04:30,1264.5,
21:05:00,1265,
21:05:30,1265.5,
21:06:00,1266,
21:06:30,1266.5,
21:07:00,1267,
21:07:30,1267.5,
21:08:00,1268,
21:08:30,1268.5,
21:09:00,1269,
21:09:30,1269.5,
21:10:00,1270,
21:10:30,1270.5,
21:11:00,1271,
21:11:30,1271.5,
21:12:00,1272,
21:12:30,1272.5,
21:13:00,1273,
21:13:30,1273.5,
21:14:00,1274,
21:14:30,1274.5,
21:15:00,1275,
21:15:30,1275.5,
21:16:00,1276,
21:16:30,1276.5,
21:17:00,1277,
21:17:30,1277.5,
21:18:00,1278,
21:18:30,1278.5,
21:19:00,1279,
21:19:30,1279.5,
21:20:00,1280,
21:20:30,1280.5,
21:21:00,1281,
21:21:30,1281.5,
21:22:00,1282,
21:22:30,1282.5,
21:23:00,1283,
21:23:30,1283.5,
21:24:00,1284,
21:24:30,1284.5,
21:25:00,1285,
21:25:30,1285.5,
21:26:00,1286,
21:26:30,1286.5,
21:27:00,1287,
21:27:30,1287.5,
21:28:00,1288,
21:28:30,1288.5,
21:29:00,1289,
21:29:30,1289.5,
21:30:00,1290,
21:30:30,1290.5,
21:31:00,1291,
21:31:30,1291.5,
21:32:00,1292,
21:32:30,1292.5,
21:33:00,1293,
21:33:30,1293.5,
21:34:00,1294,
21:34:30,1294.5,
21:35:00,1295,
21:35:30,1295.5,
21:36:00,1296,
21:36:30,1296.5,
21:37:00,1297,
21:37:30,1297.5,
21:38:00,1298,
21:38:30,1298.5,
21:39:00,1299,
21:39:30,1299.5,
21:40:00,1300,
21:40:30,1300.5,
21:41:00,1301,
21:41:30,1301.5,
21:42:00,1302,
21:42:30,1302.5,
21:43:00,1303,
21:43:30,1303.5,
21:44:00,1304,
21:44:30,1304.5,
21:45:00,1305,
21:45:30,1305.5,
21:46:00,1306,
21:46:30,1306.5,
21:47:00,1307,
21:47:30,1307.5,
21:48:00,1308,
21:48:30,1308.5,
21:49:00,1309,
21:49:30,1309.5,
21:50:00,1310,
21:50:30,1310.5,
21:51:00,1311,
21:51:30,1311.5,
21:52:00,1312,
21:52:30,1312.5,
21:53:00,1313,
21:53:30,1313.5,
21:54:00,1314,
21:54:30,1314.5,
21:55:00,1315,
21:55:30,1315.5,
21:56:00,1316,
21:56:30,1316.5,
21:57:00,1317,
21:57:30,1317.5,
21:58:00,1318,
21:58:30,1318.5,
21:59:00,1319,
21:59:30,1319.5,
22:00:00,1320,
22:00:30,1320.5,
22:01:00,1321,
22:01:30,1321.5,
22:02:00,1322,
22:02:30,1322.5,
22:03:00,1323,
22:03:30,1323.5,
22:04:00,1324,
22:04:30,1324.5,
22:05:00,1325,
22:05:30,1325.5,
22:06:00,1326,
22:06:30,1326.5,
22:07:00,1327,
22:07:30,1327.5,
22:08:00,1328,
22:08:30,1328.5,
22:09:00,1329,
22:09:30,1329.5,
22:10:00,1330,
22:10:30,1330.5,
22:11:00,1331,
22:11:30,1331.5,
22:12:00,1332,
22:12:30,1332.5,
22:13:00,1333,
22:13:30,1333.5,
22:14:00,1334,
22:14:30,1334.5,
22:15:00,1335,
22:15:30,1335.5,
22:16:00,1336,
22:16:30,1336.5,
22:17:00,1337,
22:17:30,1337.5,
22:18:00,1338,
22:18:30,1338.5,
22:19:00,1339,
22:19:30,1339.5,
22:20:00,1340,
22:20:30,1340.5,
22:21:00,1341,
22:21:30,1341.5,
22:22:00,1342,
22:22:30,1342.5,
22:23:00,1343,
22:23:30,1343.5,
22:24:00,1344,
22:24:30,1344.5,
22:25:00,1345,
22:25:30,1345.5,
22:26:00,1346,
22:26:30,1346.5,
22:27:00,1347,
22:27:30,1347.5,
22:28:00,1348,
22:28:30,1348.5,
22:29:00,1349,
22:29:30,1349.5,
22:30:00,1350,
22:30:30,1350.5,
22:31:00,1351,
22:31:30,1351.5,
22:32:00,1352,
22:32:30,1352.5,
22:33:00,1353,
22:33:30,1353.5,
22:34:00,1354,
22:34:30,1354.5,
22:35:00,1355,
22:35:30,1355.5,
22:36:00,1356,
22:36:30,1356.5,
22:37:00,1357,
22:37:30,1357.5,
22:38:00,1358,
22:38:30,1358.5,
22:39:00,1359,
22:39:30,1359.5,
22:40:00,1360,
22:40:30,1360.5,
22:41:00,1361,
22:41:30,1361.5,
22:42:00,1362,
22:42:30,1362.5,
22:43:00,1363,
22:43:30,1363.5,
22:44:00,1364,
22:44:30,1364.5,
22:45:00,1365,
22:45:30,1365.5,
22:46:00,1366,
22:46:30,1366.5,
22:47:00,1367,
22:47:30,1367.5,
22:48:00,1368,
22:48:30,1368.5,
22:49:00,1369,
22:49:30,1369.5,
22:50:00,1370,
22:50:30,1370.5,
22:51:00,1371,
22:51:30,1371.5,
22:52:00,1372,
22:52:30,1372.5,
22:53:00,1373,
22:53:30,1373.5,
22:54:00,1374,
22:54:30,1374.5,
22:55:00,1375,
22:55:30,1375.5,
22:56:00,1376,
22:56:30,1376.5,
22:57:00,1377,
22:57:30,1377.5,
22:58:00,1378,
22:58:30,1378.5,
22:59:00,1379,
22:59:30,1379.5,
23:00:00,1380,
23:00:30,1380.5,
23:01:00,1381,
23:01:30,1381.5,
23:02:00,1382,
23:02:30,1382.5,
23:03:00,1383,
23:03:30,1383.5,
23:04:00,1384,
23:04:30,1384.5,
23:05:00,1385,
23:05:30,1385.5,
23:06:00,1386,
23:06:30,1386.5,
23:07:00,1387,
23:07:30,1387.5,
23:08:00,1388,
23:08:30,1388.5,
23:09:00,1389,
23:09:30,1389.5,
23:10:00,1390,
23:10:30,1390.5,
23:11:00,1391,
23:11:30,1391.5,
23:12:00,1392,
23:12:30,1392.5,
23:13:00,1393,
23:13:30,1393.5,
23:14:00,1394,
23:14:30,1394.5,
23:15:00,1395,
23:15:30,1395.5,
23:16:00,1396,
23:16:30,1396.5,
23:17:00,1397,
23:17:30,1397.5,
23:18:00,1398,
23:18:30,1398.5,
23:19:00,1399,
23:19:30,1399.5,
23:20:00,1400,
23:20:30,1400.5,
23:21:00,1401,
23:21:30,1401.5,
23:22:00,1402,
23:22:30,1402.5,
23:23:00,1403,
23:23:30,1403.5,
23:24:00,1404,
23:24:30,1404.5,
23:25:00,1405,
23:25:30,1405.5,
23:26:00,1406,
23:26:30,1406.5,
23:27:00,1407,
23:27:30,1407.5,
23:28:00,1408,
23:28:30,1408.5,
23:29:00,1409,
23:29:30,1409.5,
23:30:00,1410,
23:30:30,1410.5,
23:31:00,1411,
23:31:30,1411.5,
23:32:00,1412,
23:32:30,1412.5,
23:33:00,1413,
23:33:30,1413.5,
23:34:00,1414,
23:34:30,1414.5,
23:35:00,1415,
23:35:30,1415.5,
23:36:00,1416,
23:36:30,1416.5,
23:37:00,1417,
23:37:30,1417.5,
23:38:00,1418,
23:38:30,1418.5,
23:39:00,1419,
23:39:30,1419.5,
23:40:00,1420,
23:40:30,1420.5,
23:41:00,1421,
23:41:30,1421.5,
23:42:00,1422,
23:42:30,1422.5,
23:43:00,1423,
23:43:30,1423.5,
23:44:00,1424,
23:44:30,1424.5,
23:45:00,1425,
23:45:30,1425.5,
23:46:00,1426,
23:46:30,1426.5,
23:47:00,1427,
23:47:30,1427.5,
23:48:00,1428,
23:48:30,1428.5,
23:49:00,1429,
23:49:30,1429.5,
23:50:00,1430,
23:50:30,1430.5,
23:51:00,1431,
23:51:30,1431.5,
23:52:00,1432,
23:52:30,1432.5,
23:53:00,1433,
23:53:30,1433.5,
23:54:00,1434,
23:54:30,1434.5,
23:55:00,1435,
23:55:30,1435.5,
23:56:00,1436,
23:56:30,1436.5,
23:57:00,1437,
23:57:30,1437.5,
23:58:00,1438,
23:58:30,1438.5,
23:59:00,1439,
23:59:30,1439.5,
00:00:00,1440,